1,vgod salt mighty mint 50 mg 30ml,18,350,/uploads/products/vape/1.JPG
2,vaporesso gen x full kit black ,6,1500,/uploads/products/vape/2.JPG
3,smok nord kit 50w black armor ,5,800,/uploads/products/vape/3.JPG
4,smok nord kit 50w cyan pank cobra ,5,800,/uploads/products/vape/4.JPG
5,smok nord kit 50w black carbon fiber ,5,800,/uploads/products/vape/5.JPG
6,smok nord kit 50w silver carbon fiber ,5,800,/uploads/products/vape/6.JPG
7,pod joytech runAbout ,5,400,/uploads/products/vape/7.JPG
8,justfog p16a kit ,5,800,/uploads/products/vape/8.JPG
9,jdi e8 pod stystem new colors ,5,400,/uploads/products/vape/9.JPG
10,geekvape wenax stylus green ,5,800,/uploads/products/vape/10.JPG
11,smok novo X black stabilizing wood ,5,850,/uploads/products/vape/11.JPG
12,smok novo 2 kit red stabilizing wood ,5,750,/uploads/products/vape/12.JPG
13,vaporesso luxe pm40 carbon black ,5,800,/uploads/products/vape/13.JPG
14,vaporesso GTX one kit silver ,5,900,/uploads/products/vape/14.JPG
15,uwell caliburn a2 kit black ,5,850,/uploads/products/vape/15.JPG
16,geekvape wenax k1 kit gun metal ,5,700,/uploads/products/vape/16.JPG
17,vladdin kit titanum ,5,500,/uploads/products/vape/17.JPG
18,vladdin kit black ,5,500,/uploads/products/vape/18.JPG
19,voopoo argus pro kit silver ,5,750,/uploads/products/vape/19.JPG
20,smok rpm 80 pro kit black carbon fiber ,5,800,/uploads/products/vape/20.JPG
21,vaporesso target pm30 black bo2bo2ii,5,750,/uploads/products/vape/21.JPG
22,vaporesso target pm30 black ,5,750,/uploads/products/vape/22.JPG
23,voopoo drag x plus mod marsala ,5,900,/uploads/products/vape/23.JPG
24,uwell caliburn first edition black ,5,750,/uploads/products/vape/24.JPG
25,voopoo argus air kit brown ,5,750,/uploads/products/vape/25.JPG
26,geekvape aegis mod black tungsten ,6,1000,/uploads/products/vape/26.JPG
27,vsuit pod kit black ,5,750,/uploads/products/vape/27.JPG
28,vaporesso osmall kit purple ,5,350,/uploads/products/vape/28.JPG
29,voopoo vinci kit 15w black carbon ,5,700,/uploads/products/vape/29.JPG
30,pod eqs 3D meshcoil ,5,300,/uploads/products/vape/30.JPG
31,uwell caliburn coco prime kit ,5,750,/uploads/products/vape/31.JPG
32,aurora play kit black ,5,450,/uploads/products/vape/32.JPG
33,vaporesso osmall kit blue ,5,350,/uploads/products/vape/33.JPG
34,vaporesso gen s mod mix green ,6,1000,/uploads/products/vape/34.JPG
35,voopoo drag x kit dark knight ,5,900,/uploads/products/vape/35.JPG
36,puma mod full black ,6,650,/uploads/products/vape/36.JPG
37,voopoo drag 2 refresh edition pnp ,6,1200,/uploads/products/vape/37.JPG
38,geekvape aegis boost luxury edition kit navy blue 5 coils ,5,1050,/uploads/products/vape/38.JPG
39,vapor stom ares pod ,5,400,/uploads/products/vape/39.JPG
40,voopoo vfl pod system ,5,300,/uploads/products/vape/40.JPG
41,voopoo drag 3 kit sandybrown,6,1400,/uploads/products/vape/41.JPG
42,smok thallo kit built in 3000 mah fluid black red ,5,900,/uploads/products/vape/42.JPG
43,smok nfix mate kit black ,5,750,/uploads/products/vape/43.JPG
44,smok novo 4 kit cyan pink cobra ,5,950,/uploads/products/vape/44.JPG
45,smok scar p3 red ,5,1100,/uploads/products/vape/45.JPG
46,rockt punch liquid ultra magnteic fruit loop 100 ml 3 mg ,11,400,/uploads/products/vape/46.JPG
47,cloud nurdz strawberrymon 100 ml 3mg ,11,400,/uploads/products/vape/47.JPG
48,fruit monster strawberry kiwi pomegranate 100 ml 3 mg ,11,400,/uploads/products/vape/48.JPG
49,the mamasan cereal 100 ml 3 mg ,11,400,/uploads/products/vape/49.JPG
50,custard monster blueberry 100 ml 3 mg ,11,400,/uploads/products/vape/50.JPG
51,jam monster apple 100 ml 0 mg ,11,400,/uploads/products/vape/51.JPG
52,custard monster strawberry  100 ml 3 mg ,11,400,/uploads/products/vape/52.JPG
53,jam monster grape 100 ml 3 mg ,11,400,/uploads/products/vape/53.JPG
54,ice monster melon colada 100 ml 3 mg ,11,400,/uploads/products/vape/54.JPG
55,pb&jam monster strawberry 100 ml 3 mg ,11,400,/uploads/products/vape/55.JPG
56,jam monstermon 100 ml 3 mg ,11,400,/uploads/products/vape/56.JPG
57,jam monster mixed berries 100 ml 3 mg ,11,400,/uploads/products/vape/57.JPG
58,saltnic cloud breakers purple berry 30 mg 30 ml ,19,325,/uploads/products/vape/58.JPG
59,saltnic rsrvd gold blend 25 mg 30 ml ,19,325,/uploads/products/vape/59.JPG
60,saltnic black panther 30 mg 30 ml ,19,325,/uploads/products/vape/60.JPG
61,saltnic black panther 50 mg 30 ml ,18,325,/uploads/products/vape/61.JPG
62,Ripe vapes vct 12 mg 60 ml ,14,350,/uploads/products/vape/62.JPG
63,Ripe vapes vct 6 mg 60 ml ,12,350,/uploads/products/vape/63.JPG
64,horny red apple fruity series 3 mg 60 ml ,11,325,/uploads/products/vape/64.JPG
65,super B royal collection 60 ml 3 mg ,11,325,/uploads/products/vape/65.JPG
66,nastyvel up mango grape 3 mg 60 ml ,11,325,/uploads/products/vape/66.JPG
67,natyvel up mango banana 3 mg 60 ml ,11,325,/uploads/products/vape/67.JPG
68,Redz origianl classic trobaaco 3 mg 60 ml ,11,325,/uploads/products/vape/68.JPG
69,pink panther smoothie 18 mg 60 ml ,15,350,/uploads/products/vape/69.JPG
70,dinner lady melon twist 3 mg 60 ml ,11,325,/uploads/products/vape/70.JPG
71,dinner lady watermelon slice 3 mg 60 ml ,11,325,/uploads/products/vape/71.JPG
72,dinner lady pink wave 3 mg 60 ml ,11,325,/uploads/products/vape/72.JPG
73,horny flava bubblegum mango 60 ml 3 mg ,11,325,/uploads/products/vape/73.JPG
74,horny flava bubblegum root beer 60 ml 3 mg ,11,325,/uploads/products/vape/74.JPG
75,pink panther ice 3 mg 60 ml ,11,325,/uploads/products/vape/75.JPG
76,pink panther remix 3 mg 60 ml ,11,325,/uploads/products/vape/76.JPG
77,pink panther normal 12 mg 60 ml ,14,350,/uploads/products/vape/77.JPG
78,pink panther candy 12 mg 60 ml ,14,350,/uploads/products/vape/78.JPG
79,pink panther candy 3 mg 60 ml ,11,325,/uploads/products/vape/79.JPG
80,nasty juice asap grape 3 mg 60 ml ,11,325,/uploads/products/vape/80.JPG
81,pink panther pina colada 3 mg 60 ml ,11,325,/uploads/products/vape/81.JPG
82,nasty green ape 3 mg 60 ml ,11,325,/uploads/products/vape/82.JPG
83,nasty bad blood 3 mg 60 ml ,11,325,/uploads/products/vape/83.JPG
84,nasty slow blow 3 mg 60 ml ,11,325,/uploads/products/vape/84.JPG
85,pink panther remix frozen 12 mg 60 ml ,14,350,/uploads/products/vape/85.JPG
86,pink panther normal 3 mg 60 ml ,11,325,/uploads/products/vape/86.JPG
87,ripe vapes vct 3 mg 60 ml ,11,325,/uploads/products/vape/87.JPG
88,saltnic redz classic tobacco 25 mg 30 ml ,19,325,/uploads/products/vape/88.JPG
89,saltnic horny mango 35 mg 30 ml ,19,325,/uploads/products/vape/89.JPG
90,saltnic juicy spearmint 35 mg 30 ml ,19,325,/uploads/products/vape/90.JPG
91,gold panther lychee 12 mg 60 ml ,14,350,/uploads/products/vape/91.JPG
92,pink panther ice 12 mg 60 ml ,14,350,/uploads/products/vape/92.JPG
93,pink panther sour 3 mg 60 ml ,11,325,/uploads/products/vape/93.JPG
94,dinner lady sweet fusion 3 mg 60 ml ,11,325,/uploads/products/vape/94.JPG
95,bubble king ice original 12 mg 60 ml ,14,325,/uploads/products/vape/95.JPG
96,saltnic hmbl grapefruit peach ,19,325,/uploads/products/vape/96.JPG
97,saltnic hmbl apple pear watermelon ,19,325,/uploads/products/vape/97.JPG
98,saltnic vgod dry tobacco 25 mg 30 ml ,19,325,/uploads/products/vape/98.JPG
99,saltnic ripe vapes vct sweet almond 30 mg 30 ml ,19,350,/uploads/products/vape/99.JPG
100,saltnic ripe vapes vct 30 mg 30 ml ,19,350,/uploads/products/vape/100.JPG
101,saltnic ripe vapes vct 50 mg 30 ml ,18,350,/uploads/products/vape/101.JPG
102,saltnic jam monster raspberry 24 mg 30 ml ,19,325,/uploads/products/vape/102.JPG
103,saltnic pb&jam monster grape 24 mg 30 ml ,19,325,/uploads/products/vape/103.JPG
104,saltnic ripe vapes vct coconut 30 ml 30 mg ,19,350,/uploads/products/vape/104.JPG
105,saltnic jam monster blackberry 48 mg 30 ml ,18,325,/uploads/products/vape/105.JPG
106,ripe vapes vct 3 mg 60 ml ,11,325,/uploads/products/vape/106.JPG
107,saltnic hmbl strawberry patch ,19,325,/uploads/products/vape/107.JPG
108,saltnic ripe vapes vct bold 30 mg 30 ml ,19,325,/uploads/products/vape/108.JPG
109,bubble king original 12 mg 60 ml ,14,325,/uploads/products/vape/109.JPG
110,pink panther ice 18 mg 60 ml ,15,350,/uploads/products/vape/110.JPG
111,pink panther pina colada 12 mg 60 ml ,14,350,/uploads/products/vape/111.JPG
112,enistein by dr vapes secret smooth 60 ml 3 mg ,11,325,/uploads/products/vape/112.JPG
113,saltnic gold panther 30 mg 30 ml ,19,325,/uploads/products/vape/113.JPG
114,saltnic pink panther sour 50 mg 30 ml ,18,350,/uploads/products/vape/114.JPG
115,saltnic black panther 50 mg 30 ml ,18,350,/uploads/products/vape/115.JPG
116,saltnic nasty bad blood 35 mg 30 ml ,19,350,/uploads/products/vape/116.JPG
117,saltnic nasty asap 50 mg 30 ml ,18,350,/uploads/products/vape/117.JPG
118,saltnic nasty bronze blend 50 mg 30 ml ,18,350,/uploads/products/vape/118.JPG
119,saltnic pink panther candy 30 mg 30 ml ,19,350,/uploads/products/vape/119.JPG
120,saltnic pink panther candy 50 mg 30 ml,18,350,/uploads/products/vape/120.JPG
121,saltnic pink panther smoothie 30 mg 30 ml ,19,350,/uploads/products/vape/121.JPG
122,saltnic pink panther smoothie 50 mg 30 ml,18,350,/uploads/products/vape/122.JPG
123,saltnic nasty trap queen 50 mg 30 ml ,18,350,/uploads/products/vape/123.JPG
124,saltnic pink panther pina colada 30 mg  30 ml ,19,350,/uploads/products/vape/124.JPG
125,saltnic nasty trap queen 35 mg 30 ml ,19,350,/uploads/products/vape/125.JPG
126,vgod cubano brown 12 mg 60 ml ,14,350,/uploads/products/vape/126.JPG
127,vgod cubano brown 18 mg 60 ml ,15,350,/uploads/products/vape/127.JPG
128,halo tribeca smooth tobacco 18 mg 60 ml ,15,400,/uploads/products/vape/128.JPG
129,halo tribeca smooth tobacco 6 mg 60 ml ,12,400,/uploads/products/vape/129.JPG
130,halo tribeca smooth tobacco 12 mg 60 ml ,14,400,/uploads/products/vape/130.JPG
131,saltnic tribeca smooth tobacco 20 mg 30 ml ,19,450,/uploads/products/vape/131.JPG
132,saltnic tribeca smooth tobacco 50 mg 30 ml ,18,450,/uploads/products/vape/132.JPG
133,saltnic tribeca smooth tobacco 35 mg 30 ml ,19,450,/uploads/products/vape/133.JPG
134,saltnic nasty cush man 35 mg 30 ml ,19,350,/uploads/products/vape/134.JPG
135,saltnic gold panther 50 mg 30 ml ,18,350,/uploads/products/vape/135.JPG
136,bomb pomeganate & raspberry 60 ml 3 mg ,11,250,/uploads/products/vape/136.JPG
137,vimto vimto 60 ml 3 mg ,11,250,/uploads/products/vape/137.JPG
138,ivg caramel pop 12 mg 60 ml ,14,325,/uploads/products/vape/138.JPG
139,ivg rainbow pop 12 mg 60 ml ,14,325,/uploads/products/vape/139.JPG
140,jdi cookie butter 12 mg 60 ml ,14,350,/uploads/products/vape/140.JPG
141,saltnic pink panther sour 30 mg 30 ml ,19,325,/uploads/products/vape/141.JPG
142,ivg blue pop 12 mg 60 ml ,14,325,/uploads/products/vape/142.JPG
143,ivg bubble gum 12 mg 60 ml ,14,325,/uploads/products/vape/143.JPG
144,saltnic ripe vapes vct bold 50 mg 30 ml ,18,350,/uploads/products/vape/144.JPG
145,purple panther grape 12 mg 60 ml ,14,350,/uploads/products/vape/145.JPG
146,nasty green grape 60 ml 3 mg ,11,325,/uploads/products/vape/146.JPG
147,saltnic berry bomb no ice 25 mg 30 ml ,19,350,/uploads/products/vape/147.JPG
148,saltnic ripe vapes vct coconut 50 mg 30 ml ,18,350,/uploads/products/vape/148.JPG
149,ripe vapes vct coconut 18 mg 60 ml ,15,350,/uploads/products/vape/149.JPG
150,saltnic vgod lush ice 25 mg 30 ml ,19,350,/uploads/products/vape/150.JPG
151,saltnic purple bomb ice 25 mg 30 ml ,19,350,/uploads/products/vape/151.JPG
152,saltnic apple bomb ice 25 mg 30 ml ,19,350,/uploads/products/vape/152.JPG
153,saltnic berry bomb ice 25 mg 30 ml ,19,350,/uploads/products/vape/153.JPG
154,saltnic mighty mint 25 mg 30 ml ,19,350,/uploads/products/vape/154.JPG
155,saltnic mango bomb ice 25 mg 30 ml ,19,350,/uploads/products/vape/155.JPG
156,saltnic ecigara bono creamy cigar 50 mg 30 ml ,18,350,/uploads/products/vape/156.JPG
157,saltnic vgod dry tobacco 50 mg 30 ml ,18,350,/uploads/products/vape/157.JPG
158,saltnic vgod cubano black 50 mg 30 ml ,18,350,/uploads/products/vape/158.JPG
159,saltnic ecigara moody mint 20 mg 30 ml ,19,350,/uploads/products/vape/159.JPG
160,saltnic apple bomb ice 50 mg 30 ml ,18,350,/uploads/products/vape/160.JPG
161,salrtnic vgod cubano brown 50 mg 30 ml ,18,350,/uploads/products/vape/161.JPG
162,saltnic vgod mango bomb ice 50 mg 30 ml ,18,350,/uploads/products/vape/162.JPG
163,saltnic berry bomb ice 50 mg 30 ml ,18,350,/uploads/products/vape/163.JPG
164,hqd cuvie plus 1200 puff 5% passion fruit ,3,450,/uploads/products/vape/164.JPG
165,hqd cuvie plus 1200 puff 5% strawberry ,3,450,/uploads/products/vape/165.JPG
166,hqd cuvie plus 1200 puff 5% mango ice ,3,450,/uploads/products/vape/166.JPG
167,hqd cuvie plus 1200 puff 5% mango guava ,3,450,/uploads/products/vape/167.JPG
168,hqd cuvie plus 1200 puff 5% pienapple ice ,3,450,/uploads/products/vape/168.JPG
169,hqd cuvie plus 1200 puff 5% candy ,3,450,/uploads/products/vape/169.JPG
170,hqd cuvie plus 1200 puff 5% grapey ,3,450,/uploads/products/vape/170.JPG
171,hqd cuvie plus 1200 puff 5% apple peach ,3,450,/uploads/products/vape/171.JPG
172,hqd cuvie plus 1200 puff 5% blueberry raspberry ,3,450,/uploads/products/vape/172.JPG
173,hqd cuvie plus 1200 puff 5% strawberry banana ,3,450,/uploads/products/vape/173.JPG
174,hqd cuvie plus 1200 puff 5% vanilla ice cream ,3,450,/uploads/products/vape/174.JPG
175,hqd cuvie plus 1200 puff 5% strawberry ice cream cinamon ,3,450,/uploads/products/vape/175.JPG
176,hqd cuvie plus 1200 puff 5% pog orange guava ,3,450,/uploads/products/vape/176.JPG
177,hqd cuvie plus 1200 puff 5% ice mint ,3,450,/uploads/products/vape/177.JPG
178,hqd cuvie plus 1200 puff 5% lychee ice ,3,450,/uploads/products/vape/178.JPG
179,hqd cuvie plus 1200 puff 5% pina colada ,3,450,/uploads/products/vape/179.JPG
180,hqd cuvie plus 1200 puff 5% pinkmonade ,3,450,/uploads/products/vape/180.JPG
181,hqd cuvie plus 1200 puff 5% fruit fusion ,3,450,/uploads/products/vape/181.JPG
182,hqd cuvie plus 1200 puff 5% yoghurt ,3,450,/uploads/products/vape/182.JPG
183,hqd cuvie plus 1200 puff 5% black ice ,3,450,/uploads/products/vape/183.JPG
184,hqd cuvie plus 1200 puff 5% strawberry kiwi ,3,450,/uploads/products/vape/184.JPG
185,hqd cuvie 300 puff 5% bluerazz ,3,200,/uploads/products/vape/185.JPG
186,izi 800 puff 5% double melon ,3,350,/uploads/products/vape/186.JPG
187,izi 800 puff 5% passion mango ,3,350,/uploads/products/vape/187.JPG
188,hqd super 600 puff 5% candy ,3,350,/uploads/products/vape/188.JPG
189,hqd super 600 puff 5% ice mint ,3,350,/uploads/products/vape/189.JPG
190,hqd super 600 puff 5% grape ice ,3,350,/uploads/products/vape/190.JPG
191,izi 800 puff 5% tropical splash ,3,350,/uploads/products/vape/191.JPG
192,izi 800 puff 5% cherry banana ,3,350,/uploads/products/vape/192.JPG
193,izi 800 puff 5% strawberry watermelon ,3,350,/uploads/products/vape/193.JPG
194,izi 800 puff 5% watermelon bubblegum,3,350,/uploads/products/vape/194.JPG
195,izi 800 puff 5% mixed berry,3,350,/uploads/products/vape/195.JPG
196,izi 800 puff 5% blueberry ,3,350,/uploads/products/vape/196.JPG
197,hqd super 600 5% peach ice ,3,350,/uploads/products/vape/197.JPG
198,hqd super 600 5% lush ice ,3,350,/uploads/products/vape/198.JPG
199,hqd super 600 5% black ice ,3,350,/uploads/products/vape/199.JPG
200,hqd super 600 5% orange soda ,3,350,/uploads/products/vape/200.JPG
201,hqd super 600 5% yoghurt ,3,350,/uploads/products/vape/201.JPG
202,hqd super 600 5% watermelon bubblegum ,3,350,/uploads/products/vape/202.JPG
203,hqd super 600 5% mango lychee ,3,350,/uploads/products/vape/203.JPG
204,hqd rosy 400 puff 5% grapefruit ,3,175,/uploads/products/vape/204.JPG
205,hqd rosy 400 puff 5% hawaian pog ,3,175,/uploads/products/vape/205.JPG
206,hqd rosy 400 puff 5% pineapple mist ,3,175,/uploads/products/vape/206.JPG
207,hqd rosy 400 puff 5% miami vice ,3,175,/uploads/products/vape/207.JPG
208,myle mini 300 puff 5% grape ice ,3,225,/uploads/products/vape/208.JPG
209,myle mini 300 puff 5% strawberry banana ,3,225,/uploads/products/vape/209.JPG
210,myle mini 300 puff 5% strawbrry mango ice ,3,225,/uploads/products/vape/210.JPG
211,myle mini 300 puff 5% tobacco ,3,225,/uploads/products/vape/211.JPG
212,myle mini 300 puff 5% peach ,3,225,/uploads/products/vape/212.JPG
213,myle mini 300 puff 5% ice quad berry ,3,225,/uploads/products/vape/213.JPG
214,myle mini 300 puff 5% pinkmonade ,3,225,/uploads/products/vape/214.JPG
215,myle mini 300 puff 5%mon mint ,3,225,/uploads/products/vape/215.JPG
216,myle mini 300 puff 5% banana ice ,3,225,/uploads/products/vape/216.JPG
217,myle mini 300 puff 5% ice mint ,3,225,/uploads/products/vape/217.JPG
218,myle mini 300 puff 5% ice apple mango ,3,225,/uploads/products/vape/218.JPG
219,myle mini 300 puff 5% red apple ,3,225,/uploads/products/vape/219.JPG
220,myle mini 300 puff 5% ice watermelon ,3,225,/uploads/products/vape/220.JPG
221,myle mini 300 puff 5% ice lychee ,3,225,/uploads/products/vape/221.JPG
222,tugboat 500 puff 5% green apple ,3,225,/uploads/products/vape/222.JPG
223,tugboat 500 puff 5% tobacco ,3,225,/uploads/products/vape/223.JPG
224,tugboat 500 puff 5% vanilla caramel tobacco ,3,225,/uploads/products/vape/224.JPG
225,yuoto 1500 puff 5% watermelon ice ,3,300,/uploads/products/vape/225.JPG
226,yuoto 1500 puff 5% blueberry ice ,3,300,/uploads/products/vape/226.JPG
227,yuoto 1500 puff 5%  tobacco ,3,300,/uploads/products/vape/227.JPG
228,dinner lady 400 puff 3%mon cherbets ice ,3,225,/uploads/products/vape/228.JPG
229,hqd cuvie 300 puff 5% apple crush ,3,200,/uploads/products/vape/229.JPG
230,hqd cuvie 300 puff 5% passion fruit ,3,200,/uploads/products/vape/230.JPG
231,hqd cuvie 300 puff 5% orange breeze ,3,200,/uploads/products/vape/231.JPG
232,hqd cuvie 300 puff 5% cheescake ,3,200,/uploads/products/vape/232.JPG
233,hqd cuvie 300 puff 5% cantaloupe ,3,200,/uploads/products/vape/233.JPG
234,hqd cuvie 300 puff 5% energy drink ,3,200,/uploads/products/vape/234.JPG
235,hqd cuvie 300 puff 5% strawberry watermelon ,3,200,/uploads/products/vape/235.JPG
236,hqd cuvie 300 puff 5% lychee ice ,3,200,/uploads/products/vape/236.JPG
237,hqd cuvie 300 puff 5% pineapple ,3,200,/uploads/products/vape/237.JPG
238,hqd cuvie 300 puff 5% pina colada ,3,200,/uploads/products/vape/238.JPG
239,hqd cuvie 300 puff 5% strawberry shortcake ,3,200,/uploads/products/vape/239.JPG
240,hqd cuvie 300 puff 5% fruit fusion ,3,200,/uploads/products/vape/240.JPG
241,hqd cuvie 300 puff 5% watermelon ,3,200,/uploads/products/vape/241.JPG
242,hqd cuvie 300 puff 5% banana ice ,3,200,/uploads/products/vape/242.JPG
243,hqd cuvie 300 puff 5% peach ice ,3,200,/uploads/products/vape/243.JPG
244,hqd cuvie 300 puff 5% blueberry ,3,200,/uploads/products/vape/244.JPG
245,hqd cuvie 300 puff 5%mon cake ,3,200,/uploads/products/vape/245.JPG
246,hqd cuvie 300 puff 5% tangerine ice ,3,200,/uploads/products/vape/246.JPG
247,hqd cuvie 300 puff 5% cherry ,3,200,/uploads/products/vape/247.JPG
248,hqd cuvie 300 puff 5% ice cola ,3,200,/uploads/products/vape/248.JPG
249,hqd cuvie 300 puff 5% candy ,3,200,/uploads/products/vape/249.JPG
250,hqd cuvie 300 puff 5% black ice ,3,200,/uploads/products/vape/250.JPG
251,hqd cuvie 300 puff 5% strawberry banana ,3,200,/uploads/products/vape/251.JPG
252,hqd cuvie 300 puff 5% redbull apple kiwi ,3,200,/uploads/products/vape/252.JPG
253,hqd cuvie 300 puff 5% melon ice ,3,200,/uploads/products/vape/253.JPG
254,hqd cuvie 300 puff 5% strawbrry ,3,200,/uploads/products/vape/254.JPG
255,hqd cuvie 300 puff 5% guava ice ,3,200,/uploads/products/vape/255.JPG
256,myle pods v1 empty pod (price for single pod),3,100,/uploads/products/vape/256.JPG
257,myle pods v4 & v1 5% ice quad berry (price for single pod),3,125,/uploads/products/vape/257.JPG
258,myle pods v4 & v1 5% ice mint (price for single pod),3,125,/uploads/products/vape/258.JPG
259,myle pods v4 & v1 5% lush ice (price for single pod),3,125,/uploads/products/vape/259.JPG
260,myle pods v4 & v1 5% cubano (price for single pod),3,125,/uploads/products/vape/260.JPG
261,myle pods v4 & v1 5% red apple (price for single pod),3,125,/uploads/products/vape/261.JPG
262,myle pods v4 & v1 5%mon mint (price for single pod),3,125,/uploads/products/vape/262.JPG
263,myle pods v4 & v1 5% peach (price for single pod),3,125,/uploads/products/vape/263.JPG
264,myle pods v4 & v1 5% mighty mint (price for single pod),3,125,/uploads/products/vape/264.JPG
265,myle pods v4 & v1 5% pinkmonade (price for single pod),3,125,/uploads/products/vape/265.JPG
266,myle pods v4 & v1 5% ice apple mango (price for single pod),3,125,/uploads/products/vape/266.JPG
267,myle pods v4 & v1 5% ice watermelon (price for single pod),3,125,/uploads/products/vape/267.JPG
268,myle system v4 royal blue ,3,750,/uploads/products/vape/268.JPG
269,myle system v4 jet black ,3,750,/uploads/products/vape/269.JPG
270,myle system v4 elite white ,3,750,/uploads/products/vape/270.JPG
271,myle system v4 hot red ,3,750,/uploads/products/vape/271.JPG
272,myle system v1 midnight black ,3,750,/uploads/products/vape/272.JPG
273,myle system v1 luxury gold ,3,750,/uploads/products/vape/273.JPG
274,myle system v1 rainbow ,3,750,/uploads/products/vape/274.JPG
275,juul pods 5% mango (price for single pod),3,175,/uploads/products/vape/275.JPG
276,juul pods 5% menthol (price for single pod),3,150,/uploads/products/vape/276.JPG
277,juul pods 5% fruit medely (price for single pod),3,150,/uploads/products/vape/277.JPG
278,myle pods v1 5% cubano (price for single pod),3,125,/uploads/products/vape/278.JPG
279,juul pods 3% cucumber (price for single pod),3,150,/uploads/products/vape/279.JPG
280,juul pods 5% mint (price for single pod),3,150,/uploads/products/vape/280.JPG
281,juul pods 5% virginia tobacco (price for single pod),3,150,/uploads/products/vape/281.JPG
282,juul pods 5% classic tobacco ((price for single pod),3,150,/uploads/products/vape/282.JPG
283,myle pods v1 5% sweet tobacco (price for single pod),3,125,/uploads/products/vape/283.JPG
284,myle pods v1 5% pound cake (price for single pod),3,125,/uploads/products/vape/284.JPG
285,myle compatible 5% m-fit watermelon ,3,300,/uploads/products/vape/285.JPG
286,vfun 1000 puff 5% bluerazz ,3,350,/uploads/products/vape/286.JPG
287,vfun 1000 puff 5% blueberry lychee ,3,350,/uploads/products/vape/287.JPG
288,vfun 1000 puff 5% strawberry mango ice ,3,350,/uploads/products/vape/288.JPG
289,hqd cuvie 300 puff 5% grape ice ,3,350,/uploads/products/vape/289.JPG
290,mazaj 500 puff 2% raspberry ,3,200,/uploads/products/vape/290.JPG
291,mazaj 500 puff 2% peach ,3,200,/uploads/products/vape/291.JPG
292,mazaj 500 puff 2% watermelon ,3,200,/uploads/products/vape/292.JPG
293,mazaj 500 puff 2% blueberry,3,200,/uploads/products/vape/293.JPG
294,mazaj 500 puff 2% grape ,3,200,/uploads/products/vape/294.JPG
295,alwan 500 puff 2% gummy ,3,200,/uploads/products/vape/295.JPG
296,hqd super 600 puff 5% blueberry raspberry ,3,350,/uploads/products/vape/296.JPG
297,hqd super 600 puff 5% bluerazzmon ,3,350,/uploads/products/vape/297.JPG
298,hqd super 600 puff 5% vanilla ice cream ,3,350,/uploads/products/vape/298.JPG
299,hqd super 600 puff 5% watermelon strawberry ,3,350,/uploads/products/vape/299.JPG
300,hqd super 600 puff 5% redbull apple kiwi ,3,350,/uploads/products/vape/300.JPG
301,hqd super 600 puff 5% strawberry banana ,3,350,/uploads/products/vape/301.JPG
302,hqd super 600 puff 5% cool melon ,3,350,/uploads/products/vape/302.JPG
303,hqd super 600 puff 5% strawberry kiwi ,3,350,/uploads/products/vape/303.JPG
304,hqd super 600 puff 5% bluerazz,3,350,/uploads/products/vape/304.JPG
305,hqd super 600 puff 5% lychee ice ,3,350,/uploads/products/vape/305.JPG
306,hqd super 600 puff 5% pineapple ice ,3,350,/uploads/products/vape/306.JPG
307,hqd super 600 puff 5% mixed fruit ,3,350,/uploads/products/vape/307.JPG
308,hqd super 600 puff 5% energy drink,3,350,/uploads/products/vape/308.JPG
309,hqd super 600 puff 5% frozen mango ,3,350,/uploads/products/vape/309.JPG
310,hqd cuvie 300 puff 5% mixed fruit ,3,200,/uploads/products/vape/310.JPG
311,hqd rosy 400 puff 5% pure mint ,3,175,/uploads/products/vape/311.JPG
312,hqd rosy 400 puff 5% cranberrymonade ,3,175,/uploads/products/vape/312.JPG
313,hqd cuvie plus 1200 puff 5% blueberry,3,450,/uploads/products/vape/313.JPG
314,hqd cuvie plus 1200 puff 5% kiwi pomegranate ,3,450,/uploads/products/vape/314.JPG
315,hqd cuvie plus 1200 puff 5% energy drink ,3,450,/uploads/products/vape/315.JPG
316,myle mini 300 puff 5% ice blueberry ,3,200,/uploads/products/vape/316.JPG
317,izi 800 puff 5% mango ,3,350,/uploads/products/vape/317.JPG
318,izi 800 puff 5% lychee ,3,350,/uploads/products/vape/318.JPG
319,izi 800 puff 5% currant grape ,3,350,/uploads/products/vape/319.JPG
320,izi 1200 puff 5% russian cream ,3,450,/uploads/products/vape/320.JPG
321,izi 1200 puff 5% passion citrus ,3,450,/uploads/products/vape/321.JPG
322,tugboat 500 puff 5% bluerasberry ,3,200,/uploads/products/vape/322.JPG
323,tugboat 500 puff 5% redbull ,3,200,/uploads/products/vape/323.JPG
324,tugboat 500 puff 5% strawberry banana ,3,200,/uploads/products/vape/324.JPG
325,hqd rifle pod system refillable purple ,3,1200,/uploads/products/vape/325.JPG
326,hqd rifle pod system refillable silver ,3,1200,/uploads/products/vape/326.JPG
327,hqd rifle pod system refillable red & black ,3,1200,/uploads/products/vape/327.JPG
328,hqd rifle pod system refillable red & yellow ,3,1200,/uploads/products/vape/328.JPG
329,hqd rifle pod system refillable green ,3,1200,/uploads/products/vape/329.JPG
330,hqd rifle pod system refillable pink ,3,1200,/uploads/products/vape/330.JPG
331,hqd rifle pod system refillable white & blue ,3,1200,/uploads/products/vape/331.JPG
332,cartridge hqd rifle pods ,3,150,/uploads/products/vape/332.JPG
333,juul device silver ,3,800,/uploads/products/vape/333.JPG
334,saltnic purple bomb ice 50 mg 30 ml ,18,350,/uploads/products/vape/334.JPG
335,rockt punsh melon milk 100 ml 3 mg ,11,400,/uploads/products/vape/335.JPG
336,fruit monster blueberry raspberrymon ice 100 ml 3 mg ,11,400,/uploads/products/vape/336.JPG
337,custard monster butterscotch 100 ml 3 mg ,11,400,/uploads/products/vape/337.JPG
338,blvk unicorn vanilla custard 100 ml 3 mg ,11,325,/uploads/products/vape/338.JPG
339,fruit monster banana ice 100 ml 3 mg ,11,400,/uploads/products/vape/339.JPG
340,jam monster blueberry  100 ml 3 mg ,11,400,/uploads/products/vape/340.JPG
341,nasty trap queen 60 ml 3 mg ,11,350,/uploads/products/vape/341.JPG
342,saltnic nastyvel up mango banana 35 mg 30 ml ,19,350,/uploads/products/vape/342.JPG
343,saltnic nastyvel up mango grape 35 mg 30 ml ,19,350,/uploads/products/vape/343.JPG
344,saltnic nastyvel up mango strawberry 35 mg 30 ml ,19,350,/uploads/products/vape/344.JPG
345,saltnic nastyvel up mango banana 50 mg 30 ml ,18,350,/uploads/products/vape/345.JPG
346,saltnic tobacco monster rich 40 mg 30 ml ,18,350,/uploads/products/vape/346.JPG
347,saltnic tobacco monster bold 40 mg 30 ml,18,350,/uploads/products/vape/347.JPG
348,ripe vapes vct 18 mg 60 ml ,15,350,/uploads/products/vape/348.JPG
349,ripe vapes vct bold 3 mg 60 ml ,11,350,/uploads/products/vape/349.JPG
350,ecigara moody mint 9 mg 60 ml ,13,350,/uploads/products/vape/350.JPG
351,ecigara los ice 9 mg 60 ml ,13,350,/uploads/products/vape/351.JPG
352,ecigara los ice 15 mg 60 ml ,14,350,/uploads/products/vape/352.JPG
353,blvk uni shew 60 ml 3 mg ,11,325,/uploads/products/vape/353.JPG
354,redz original classic tobacco 18 mg 60 ml ,15,350,/uploads/products/vape/354.JPG
355,saltnic red smokers mr captin black british tobacco strong 30 mg 30 ml ,19,350,/uploads/products/vape/355.JPG
356,saltnic red smokers mr captin black menthol tobacco strong 30 mg 30 ml  ,19,350,/uploads/products/vape/356.JPG
357,saltnic red smokers mr captin black french tobacco  strong 30 mg 30 ml,19,350,/uploads/products/vape/357.JPG
358,saltnic red smokers mr captin black gold medel strong 30 mg 30 ml,19,350,/uploads/products/vape/358.JPG
359,horny flava grape 60 ml 3 mg ,11,325,/uploads/products/vape/359.JPG
360,vapetasia strawberry parfait 60 ml 3 mg ,11,325,/uploads/products/vape/360.JPG
361,saltnic hqd peach 60 mg 30 ml ,18,500,/uploads/products/vape/361.JPG
362,saltnic hqd banana 60 mg 30 ml,18,500,/uploads/products/vape/362.JPG
363,saltnic hqd banana 60 mg 30 ml ,18,500,/uploads/products/vape/363.JPG
364,saltnic hqd pineapple 60 mg 30 ml ,18,500,/uploads/products/vape/364.JPG
365,saltnic hqd blackberry 60 mg 30 ml ,18,500,/uploads/products/vape/365.JPG
366,saltnic hqd watermelon 60 mg 30 ml ,18,500,/uploads/products/vape/366.JPG
367,saltnic hqd pina colada  60 mg 30 ml  ,18,500,/uploads/products/vape/367.JPG
368,saltnic hqd capuccino 60 mg 30 ml,18,500,/uploads/products/vape/368.JPG
369,saltnic hqd lychee 60 mg 30 ml,18,500,/uploads/products/vape/369.JPG
370,saltnic hqd pinkmonade 60 mg 30 ml ,18,500,/uploads/products/vape/370.JPG
371,saltnic hqd mix ftuit  60 mg 30 ml,18,500,/uploads/products/vape/371.JPG
372,saltnic hqd orange 60 mg 30 ml,18,500,/uploads/products/vape/372.JPG
373,saltnic hqd apple 60 mg 30 ml,18,500,/uploads/products/vape/373.JPG
374,saltnic hqd hawai 60 mg 30 ml ,18,500,/uploads/products/vape/374.JPG
375,saltnic hqd cherry cola 60 mg 30 ml,18,500,/uploads/products/vape/375.JPG
376,smok nfix-mate kit silver,5,750,/uploads/products/vape/376.JPG
377,voopoo argus air deseert camouflage,5,750,/uploads/products/vape/377.JPG
378,voopoo argus air black ,5,750,/uploads/products/vape/378.JPG
379,smok novo 4 kit black armor ,5,950,/uploads/products/vape/379.JPG
380,geekvape wenax stylus granite grey ,5,750,/uploads/products/vape/380.JPG
381,geekvape wenax stylus classic black ,5,750,/uploads/products/vape/381.JPG
382,smok novo 2 kit gold carbon fiber ,5,750,/uploads/products/vape/382.JPG
383,smok novo 2 kit red cobra ,5,750,/uploads/products/vape/383.JPG
384,vaporesso target pm 80 internal battery black resin ,5,900,/uploads/products/vape/384.JPG
385,geekvape wenax stylus devil red ,5,750,/uploads/products/vape/385.JPG
386,voopoo vsuit kit black ,5,750,/uploads/products/vape/386.JPG
387,vaporesso xros kit silver ,5,750,/uploads/products/vape/387.JPG
388,e8 pod system kit  new color A ,5,400,/uploads/products/vape/388.JPG
389,e8 pod system kit blue ,5,400,/uploads/products/vape/389.JPG
390,e8 pod system kit new color B,5,400,/uploads/products/vape/390.JPG
391,e8 pod system kit new color C,5,400,/uploads/products/vape/391.JPG
392,tank vandy vape bskr v2 mtl rta silver ,7,700,/uploads/products/vape/392.JPG
393,smok novo 2 kit red and green ,5,750,/uploads/products/vape/393.JPG
394,smok nfix-mate kit silver blue ,5,750,/uploads/products/vape/394.JPG
395,smok nfix-mate kit black ,5,750,/uploads/products/vape/395.JPG
396,voopoo drag 3 kit classic ,6,1400,/uploads/products/vape/396.JPG
397,smok novo 2 kit white cobra ,5,750,/uploads/products/vape/397.JPG
398,smok novo 4 kit white armor ,5,950,/uploads/products/vape/398.JPG
399,smok novo 4 kit fluid black grey ,5,950,/uploads/products/vape/399.JPG
400,e8 pod system kit new color D,5,400,/uploads/products/vape/400.JPG
401,e8 pod system kit black ,5,400,/uploads/products/vape/401.JPG
402,lil iqos solid dark blue ,6,1100,/uploads/products/vape/402.JPG
403,tank pyro v3 rdta silver ,7,700,/uploads/products/vape/403.JPG
404,coil vaporesso gt 4 two core ,1,100,/uploads/products/vape/404.JPG
405,cartridge aurora play pod ,1,100,/uploads/products/vape/405.JPG
406,coil vaporesso gt4 meshed  two core ,1,100,/uploads/products/vape/406.JPG
407,tank vxv soulmate rdta pod for drag s / x / argus ,7,500,/uploads/products/vape/407.JPG
408,coil rebuild vandy vape fused clapton n80 0.7 ohm,1,20,/uploads/products/vape/408.JPG
409,coil rebuild ofrf nexMesh 0.13 ohm ,1,20,/uploads/products/vape/409.JPG
410,coil rebuild ofrf nexMesh .15 ohm 10 pcs ,1,20,/uploads/products/vape/410.JPG
411,charger awt c2 ,9,125,/uploads/products/vape/411.JPG
412,myle pods v1 vapetasia killer custard ,3,500,/uploads/products/vape/412.JPG
413,coil rebuild geekvape f203 0.35 & 0.40 ohm ,1,25,/uploads/products/vape/413.JPG
414,coil eleaf istick pico .3 ohm ,1,50,/uploads/products/vape/414.JPG
415,battery awt 26650,8,200,/uploads/products/vape/415.JPG
416,cartridge vaporesso osmall 1.2 ohm regular pod ,1,100,/uploads/products/vape/416.JPG
417,wire vandy vape superfine fused clapton ni80 10 feet 30ga+38ga,1,200,/uploads/products/vape/417.JPG
418,cotton bacon prime usa 10G,9,150,/uploads/products/vape/418.JPG
419,axon xpod kit gray,5,250,/uploads/products/vape/419.JPG
420,axon xpod kit silver ,5,250,/uploads/products/vape/420.JPG
421,axon xpod kit blue ,5,250,/uploads/products/vape/421.JPG
422,vaporesso gen x kit blue ,6,1500,/uploads/products/vape/422.JPG
423,voopoo argus air kit camoflag gray ,5,750,/uploads/products/vape/423.JPG
424,vaporesso xros kit sky blue ,5,750,/uploads/products/vape/424.JPG
425,smok ipx 80 kit grey ,5,1000,/uploads/products/vape/425.JPG
426,voopoo drag x mod prussian blue ,5,975,/uploads/products/vape/426.JPG
427,sikray spod kit grey ,5,1250,/uploads/products/vape/427.JPG
428,aspire breeze 2 kit gold ,5,650,/uploads/products/vape/428.JPG
429,vaporesso target pm30 silver ,5,750,/uploads/products/vape/429.JPG
430,smok novo x 25w kit 7 color cobra ,5,850,/uploads/products/vape/430.JPG
431,vladdin RE kit red ,5,500,/uploads/products/vape/431.JPG
432,vladdin RE kit rainbow ,5,500,/uploads/products/vape/432.JPG
433,vaporesso swag px80 kit carbon black ,5,1000,/uploads/products/vape/433.JPG
434,vgod cubano black 6 mg 60 ml,12,350,/uploads/products/vape/434.JPG
435,tank svoe mesto kayfun prime 22,7,1500,/uploads/products/vape/435.JPG
436,tank pyro v3 rdta black ,7,700,/uploads/products/vape/436.JPG
437,tank profile MM mesh & normal coil black ,7,750,/uploads/products/vape/437.JPG
438,tank profile MM mesh & normal coil silver ,7,750,/uploads/products/vape/438.JPG
439,tank blotto rta black ,7,750,/uploads/products/vape/439.JPG
440,tank geekvape zeus x mesh black ,7,750,/uploads/products/vape/440.JPG
441,tank geekvape zeus x mesh gunmetal ,7,750,/uploads/products/vape/441.JPG
442,tank kylin mini 2 rta silver ,7,750,/uploads/products/vape/442.JPG
443,cloud nurdz kiwi melon ice 100 ml 3 mg ,11,400,/uploads/products/vape/443.JPG
444,rockt punshmon cake bresrkermon cheescake 120 ml 3 mg ,11,400,/uploads/products/vape/444.JPG
445,loaded glazed donuts 120 ml 3 mg ,11,400,/uploads/products/vape/445.JPG
446,cloud nurdz watermelon apple 100 ml 3 mg ,11,400,/uploads/products/vape/446.JPG
447,graham slam golden slam 100 ml 3 mg ,11,400,/uploads/products/vape/447.JPG
448,rockt punsh coup de guava candy 120 ml 3 mg ,11,400,/uploads/products/vape/448.JPG
449,rockt punsh rainbow riot squad ranbow sherbet 120 ml 3 mg ,11,400,/uploads/products/vape/449.JPG
450,the custard shoppe blackberry 100 ml 3 mg ,11,400,/uploads/products/vape/450.JPG
451,jam monster strawebrry 100 ml 3 mg ,11,400,/uploads/products/vape/451.JPG
452,saltnic jdi cookie butter 50 mg 30 ml ,18,350,/uploads/products/vape/452.JPG
453,red smokers mr captin black frensh tobacco 6 mg 60 ml ,12,350,/uploads/products/vape/453.JPG
454,red smokers mr captin black gold medal 6 mg 60 ml ,12,350,/uploads/products/vape/454.JPG
455,red smokers mr captin black royal pipe 6 mg 60 ml ,12,350,/uploads/products/vape/455.JPG
456,red smokers mr captin black white creme 6 mg 60 ml ,12,350,/uploads/products/vape/456.JPG
457,red smokers mr captin black british tobacco 6 mg 60 ml ,12,350,/uploads/products/vape/457.JPG
458,saltnic ecigara moody mint 20 mg 30 ml ,19,350,/uploads/products/vape/458.JPG
459,saltnic ecigara los ice 20 mg 30 ml ,19,350,/uploads/products/vape/459.JPG
460,nasty broski berry low mint  3 mg 60 ml ,11,325,/uploads/products/vape/460.JPG
461,saltnic trade winds tobacco carolina cool 20 mg 30 ml extra salt ,19,350,/uploads/products/vape/461.JPG
462,saltnic trade winds tobacco tennessee 20 mg 30 ml extra salt ,19,350,/uploads/products/vape/462.JPG
463,saltnic trade winds tobacco scandinavian cured 20 mg 30 ml extra salt ,19,350,/uploads/products/vape/463.JPG
464,saltnic horny flava grape 50 mg 30 ml ,18,350,/uploads/products/vape/464.JPG
465,saltnic trade winds tobacco cameroon 20 mg 30 ml saltnic edition ,19,350,/uploads/products/vape/465.JPG
466,saltnic trade winds tobacco carolina 20 mg 30 ml saltnic edition ,19,350,/uploads/products/vape/466.JPG
467,pink panther blue raspberry 18 mg 60 ml ,15,350,/uploads/products/vape/467.JPG
468,nastyvel up mango grape low mint 3 mg 60 ml ,11,325,/uploads/products/vape/468.JPG
469,saltnic hmbl apple pear watermelon 35 mg 30 ml ,19,300,/uploads/products/vape/469.JPG
470,saltnic trade winds tobacco carolina cool 25 mg 30 ml saltnic edition ,19,350,/uploads/products/vape/470.JPG
471,saltnic nasty silver tobacco vanilla 35 mg 30 ml ,19,350,/uploads/products/vape/471.JPG
472,jdi breakfast cereal 60 ml 3 mg ,11,325,/uploads/products/vape/472.JPG
473,glas cool melon icy 60 ml 3 mg ,11,325,/uploads/products/vape/473.JPG
474,horny flava  red apple 60 ml 3 mg ,11,325,/uploads/products/vape/474.JPG
475,dinner lady apple sour ice 60 ml 3 mg ,11,325,/uploads/products/vape/475.JPG
476,dr vapes zambroksis global berry 18 mg 60 ml ,15,350,/uploads/products/vape/476.JPG
477,dr vapes tobacco kings original 3 mg 60 ml ,11,325,/uploads/products/vape/477.JPG
478,horny bubblegum root beer 60 ml 3 mg ,11,325,/uploads/products/vape/478.JPG
479,horny flava pineapple 60 ml 3 mg ,11,325,/uploads/products/vape/479.JPG
480,ybor the ritz robust 12 mg 60 ml ,15,350,/uploads/products/vape/480.JPG
481,dr vapes bubblegum kings pomegranate 18 mg 60 ml ,15,350,/uploads/products/vape/481.JPG
482,nasty shisha grape raspberry 60 ml 3 mg ,11,325,/uploads/products/vape/482.JPG
483,saltnic custard monster belueberry 48 mg 30 ml ,18,350,/uploads/products/vape/483.JPG
484,saltnic nasty shishamon mint 50 mg 30 ml ,18,350,/uploads/products/vape/484.JPG
485,saltnic nasty shisha double apple 35 mg 30 ml ,19,350,/uploads/products/vape/485.JPG
486,saltnic hmbl watermelon patch 35 mg 30 ml ,19,300,/uploads/products/vape/486.JPG
487,vgod apple bomb ice 12 mg 60 ml ,14,350,/uploads/products/vape/487.JPG
488,vgod lush ice 12 mg 60 ml ,14,350,/uploads/products/vape/488.JPG
489,vgod lush ice 18 mg 60 ml ,15,350,/uploads/products/vape/489.JPG
490,dr vapes zambroksis grape mix 18 mg 60 ml,15,350,/uploads/products/vape/490.JPG
491,the blizzard mighty mint ice 3 mg 60 ml ,11,300,/uploads/products/vape/491.JPG
492,horny flava pomberry 60 ml 3 mg ,11,325,/uploads/products/vape/492.JPG
493,vapetasia blueberry parfait 60 ml 3mg ,11,325,/uploads/products/vape/493.JPG
494,dinner lady pink wave 60 ml 3 mg ,11,325,/uploads/products/vape/494.JPG
495,saltnic hambl blue blood 35 mg 30 ml ,19,300,/uploads/products/vape/495.JPG
496,ivg kiwimon menthol 12 mg 60 ml ,14,350,/uploads/products/vape/496.JPG
497,ivg spearmint 12 mg 60 ml ,14,350,/uploads/products/vape/497.JPG
498,ivg bubblegum pop 12 mg 60 ml ,14,350,/uploads/products/vape/498.JPG
499,tank pnp pod tank stainless steel silver ,7,500,/uploads/products/vape/499.JPG
500,cartridge smok novo 2 pod mesh 1.0 ohm ,1,125,/uploads/products/vape/500.JPG
501,yuoto 1500 puff 5% passion fruit ,3,300,/uploads/products/vape/501.JPG
502,yuoto 1500 puff 5% strawberry watermelon ,3,300,/uploads/products/vape/502.JPG
503,yuoto 1500 puff 5% banana ,3,300,/uploads/products/vape/503.JPG
504,yuoto 3000 puff 5% switch pineapple & pineapple ice ,3,350,/uploads/products/vape/504.JPG
505,yuoto 3000 puff 5% switch banana & mango ,3,350,/uploads/products/vape/505.JPG
506,yuoto 3000 puff 5% switch energy drink & coke ice ,3,350,/uploads/products/vape/506.JPG
507,yuoto 3000 puff 5% switch guava & strawvberry watermelon ,3,350,/uploads/products/vape/507.JPG
508,izi 1000 puff 5% mixed berry ,3,400,/uploads/products/vape/508.JPG
509,izi 1000 puff 5% cotton candy ,3,400,/uploads/products/vape/509.JPG
510,yuoto 2500 puff 5% blueberry ice ,3,400,/uploads/products/vape/510.JPG
511,aokit 2600 puff 6% melon ice ,3,500,/uploads/products/vape/511.JPG
512,HAKA 2600 puff 6% banana ice ,3,500,/uploads/products/vape/512.JPG
513,elf bar 2200 puff 5%  lush ice,3,500,/uploads/products/vape/513.JPG
514,yuoto 1500 puff 5% energy drink ,3,300,/uploads/products/vape/514.JPG
515,izi 1000 puff 5% colamon ,3,400,/uploads/products/vape/515.JPG
516,vcan honor 2in1 4400 puff peach ice & tiger blood ,3,500,/uploads/products/vape/516.JPG
517,vcan honor 2in1 4400 puff watermelon & strawberry cheescake,3,500,/uploads/products/vape/517.JPG
518,vcan honor 2in1 4400 puff grape ice & cool mint ,3,500,/uploads/products/vape/518.JPG
519,vcan honor 2in1 4400 puff cotton candy & tiger blood ,3,500,/uploads/products/vape/519.JPG
520,vcan honor 2in1 4400 puff banana ice & strawberry watermelon ,3,500,/uploads/products/vape/520.JPG
521,haka 2600 puff 6% strawberry watermelon ,3,500,/uploads/products/vape/521.JPG
522,elf bar 1500 puff 5% NEON RAIN ,3,350,/uploads/products/vape/522.JPG
523,vcan honor 2in1 4400 puff pina colada & lush ice ,3,500,/uploads/products/vape/523.JPG
524,haka 2600 puff 6% blueberry on ice ,3,500,/uploads/products/vape/524.JPG
525,haka 2600 puff 6% pinkmonade ,3,500,/uploads/products/vape/525.JPG
526,aokit 2600 puff 6% strawberry banana ,3,500,/uploads/products/vape/526.JPG
527,haka 2600 puff 6%  pineapple ice ,3,500,/uploads/products/vape/527.JPG
528,haka 1100+1100 chocolate & creame ,3,400,/uploads/products/vape/528.JPG
529,aokit 2600 puff 6% energy drink ,3,500,/uploads/products/vape/529.JPG
530,haka 2600 puff 6% peach ice ,3,500,/uploads/products/vape/530.JPG
531,RandM max pro 2500 puff 5% pineapple recharge ,3,500,/uploads/products/vape/531.JPG
532,vcan grace 2in1 3000 puff 5% grapeFruit & mix fruit ,3,500,/uploads/products/vape/532.JPG
533,vcan grace 2in1 3000 puff 5% watermelon strawberry & grape ice ,3,500,/uploads/products/vape/533.JPG
534,vcan honor 2in1 4400 puff 5% bluerazz ice & mamba ,3,500,/uploads/products/vape/534.JPG
535,vcan grace 2in1 3000 puff 5% dragon fruit & vodka root beer ,3,500,/uploads/products/vape/535.JPG
536,vcan honor 2in1 4400 puff 5% mixed berries & blueberry on ice ,3,500,/uploads/products/vape/536.JPG
537,elf bar 1500 puff 5% kiwi passion fruit guava ,3,350,/uploads/products/vape/537.JPG
538,wlab waal 1500 puff 6% banana ice ,3,400,/uploads/products/vape/538.JPG
539,predator 1000 puff 6% virginia tobacco ,3,400,/uploads/products/vape/539.JPG
540,hqd cuvie 300 puff 5% mango ice ,3,200,/uploads/products/vape/540.JPG
541,elf bar 1500 puff 5% strawberry banana ,3,350,/uploads/products/vape/541.JPG
542,elf bar 1500 puff 5% watermelon ,3,350,/uploads/products/vape/542.JPG
543,wlab waal 1500 puff 6% blueberry ice ,3,400,/uploads/products/vape/543.JPG
544,elf bar 1500 puff 5% blueberry ,3,350,/uploads/products/vape/544.JPG
545,coil smok rpm2 mtl 0.6 ohm ,1,100,/uploads/products/vape/545.JPG
546,phix pods 5% mint ,5,125,/uploads/products/vape/546.JPG
547,phix pods 5% blue raspberry,5,125,/uploads/products/vape/547.JPG
548,phix pods 5% hawaii blueberry menthol ,5,125,/uploads/products/vape/548.JPG
549,phix pods 5% mango ,5,125,/uploads/products/vape/549.JPG
550,wire coilology nichrome80 28 awg 30 feet ,1,125,/uploads/products/vape/550.JPG
551,wire coilology nichrome80 26 awg 30 feet ,1,125,/uploads/products/vape/551.JPG
552,wire kanthal a1 24 ga 30 feet ,1,125,/uploads/products/vape/552.JPG
553,tobacco monster BOLD 6 mg 30 ml ,12,350,/uploads/products/vape/553.JPG
554,tobacco monster RICH 6 mg 30 ml ,12,350,/uploads/products/vape/554.JPG
555,captin coil alien B.B 0.36 ohm dl ,1,40,/uploads/products/vape/555.JPG
556,captin coil fused clapton 0.30 ohm dl ,1,35,/uploads/products/vape/556.JPG
557,captin coil mtl clapton 1.2 ohm ,1,25,/uploads/products/vape/557.JPG
558,captin coil mtl dragon scale 0.55 ohm ,1,60,/uploads/products/vape/558.JPG
559,captin coil alien limited edition ta2ta2a 0.25 ohm dl ,1,50,/uploads/products/vape/559.JPG
560,captin coil dragon scale (3) 0.30 ohm dl ,1,75,/uploads/products/vape/560.JPG
561,tools cutter for wire ,9,50,/uploads/products/vape/561.JPG
562,tools gift for cotton ,9,50,/uploads/products/vape/562.JPG
563,juul pods 5% cucumber (price for single pod),3,150,/uploads/products/vape/563.JPG
564,wire vapor tech kanthal 24 ga 30 feet ,1,100,/uploads/products/vape/564.JPG
565,charger awt c1 ,9,125,/uploads/products/vape/565.JPG
566,cartridge smok rpm nord pod empty cartridge (not included coil),1,125,/uploads/products/vape/566.JPG
567,cartridge smok rpm rpmpod empty cartridge (not included coil),1,125,/uploads/products/vape/567.JPG
568,coil voopoo tpp dm1 0.15 ohm ,1,100,/uploads/products/vape/568.JPG
569,coil voopoo tpp dm1 0.20 ohm ,1,100,/uploads/products/vape/569.JPG
570,cartridge orion dna 0.5 ohm ,1,150,/uploads/products/vape/570.JPG
571,cartridge pavino 0.2 ohm ,1,100,/uploads/products/vape/571.JPG
572,cartridge pavino 0.8 ohm ceramic ,1,100,/uploads/products/vape/572.JPG
573,coil lost vape LYRA coil 1.0 ohm ,1,100,/uploads/products/vape/573.JPG
574,coil nexus nx ccell 1.0 ohm ,1,80,/uploads/products/vape/574.JPG
575,cartridge drag nano S1,1,90,/uploads/products/vape/575.JPG
576,coil rebuild ruok for drag s x / vinci / argus / pnp ,1,200,/uploads/products/vape/576.JPG
577,cartridge vapor storm stalker 1 ,1,90,/uploads/products/vape/577.JPG
578,cartridge vapor storm stalker 2 ,1,100,/uploads/products/vape/578.JPG
579,cotton demon killer slacker cotton 60 pcs ,9,200,/uploads/products/vape/579.JPG
580,cookie kingmon wafer 100 ml 0 zero mg free nicotine ,10,400,/uploads/products/vape/580.JPG
581,"saltnic v.p,t tobacco vanilla pudding 25 mg 30 ml ",19,325,/uploads/products/vape/581.JPG
582,saltnic rsrvd texas classic tobacco 25 mg 30 ml ,19,325,/uploads/products/vape/582.JPG
583,hm vapes c3 custard cigar 18 mg 30 ml ,15,250,/uploads/products/vape/583.JPG
584,saltnic redz classic tobacco private reserved 25 mg 30 ml ,19,350,/uploads/products/vape/584.JPG
585,cartridge aegis nano pod 1.2 ohm ,1,125,/uploads/products/vape/585.JPG
586,coil aspire breeze 2 1.0 ohm ,1,90,/uploads/products/vape/586.JPG
587,coil lost vape LYRA coil 0.6 ohm ,1,90,/uploads/products/vape/587.JPG
588,tank sikary disposable tutu mtl ,7,175,/uploads/products/vape/588.JPG
589,predator 1000 puff 6% orange soda ,3,400,/uploads/products/vape/589.JPG
590,predator 1000 puff 6% blackcurrant ,3,400,/uploads/products/vape/590.JPG
591,predator 1000 puff 6% cappuccino,3,400,/uploads/products/vape/591.JPG
592,ncig device by nasty juice ,5,500,/uploads/products/vape/592.JPG
593,juul device dark gray ,3,800,/uploads/products/vape/593.JPG